{"cameraMode":{"drawMode":0,"name":"Shaded","section":"Shading Mode"},"sceneLighting":true,"audioPlay":false,"sceneViewState":{"showFog":true,"showMaterialUpdate":false,"showSkybox":true,"showFlares":true,"showImageEffects":true,"showParticleSystems":true},"in2DMode":false,"pivot":{"x":56.69198989868164,"y":8.15676498413086,"z":11.371622085571289},"rotation":{"x":0.013187027536332608,"y":-0.021898822858929635,"z":-0.0002888120652642101,"w":-0.9996753334999085},"size":41.70269012451172,"orthographic":false}